,VALOR_OBRA,DATA_INICIO,CONCLUSAO_PREVISTA,DATA_FINALIZACAO,TIPO_EXECUCAO,TIPO_OBRA,SITUACAO,EMPRESA_CONTRATADA,ENDERECO
112025,"183.400,00",15/08/2025,30/09/2025,21/01/2026,Nova Construção,PAVIMENTAÇÃO PARALEPÍPEDO,Finalizada por conclusão de construção,CONCREENG EIRELI - CNPJ – 15.804.769/0001-30,TRAVESSA DO JUCURI E HOMERO F. DE ALMEIDA
102025,"34.156,98",13/08/2025,06/10/2025,13/10/2025,Nova Construção,OUTRAS,Finalizada por conclusão de construção,LCB CONSTRUCAO E INCORPORACAO LTDA – CNPJ – 51.578.554/0001-01,RUA DO CEMITÉRIO
092025,"72.817,57",01/08/2025,26/11/2025,19/09/2025,Nova Construção,PAVIMENTAÇÃO PARALEPÍPEDO,Finalizada por conclusão de construção,CONCREENG EIRELI - CNPJ – 15.804.769/0001-30,RUA Francisco Gomes da Costa
82025,"182.000,00",16/07/2025,06/10/2025,27/02/2026,Reforma,PSF,Em Execução Normal,PROENG CONSTRUCOES E CONSULTORIAS LTDA – CNPJ – 35.670.929/0001-02,Sítio Maracaípe e Mendonça dos Moreiras
72025,"25.000,00",16/07/2025,08/09/2025,17/10/2025,Nova Construção,OUTRAS,Finalizada por conclusão de construção,"PACTO CONSTRUCOES EIRELI - CNPJ – 33.666.569/0001-40,",AVENIDA Presidente João Pessoa
62025,"143.395,12",03/06/2025,25/10/2025,13/10/2025,Nova Construção,PAVIMENTAÇÃO PARALEPÍPEDO,Finalizada por conclusão de construção,CONCREENG EIRELI – CNPJ – 15.804.769/0001-30,Rua Roberval Sérgio da Silva
42025,"32.633,56",24/04/2025,20/06/2025,21/05/2025,Reforma,ESCOLA,Finalizada por conclusão de construção,CONSTRUTORA BARBOSA LTDA - CNPJ – 53.371.087/0001-70,SITIO NOVO
32025,"71.287,40",07/04/2025,01/08/2025,01/08/2025,Nova Construção,PAVIMENTAÇÃO PARALEPÍPEDO,Finalizada por conclusão de construção,LCB CONSTRUCAO E INCORPORACAO LTDA – CNPJ – 51.578.554/0001-01.,RUA MARIA JAIDE DE SOUZA
22025,"85.859,40",06/03/2025,24/06/2025,09/04/2025,Reforma,ESCOLA,Finalizada por conclusão de construção,CONSTRUTORA BARBOSA LTDA- CNPJ – 53.371.087/0001-70.,Comunidade Sítio Novo Zona Rural
12025,"84.264,93",21/01/2025,20/05/2025,09/04/2025,Recuperação,PAVIMENTAÇÃO PARALEPÍPEDO,Finalizada por conclusão de construção,LCB CONSTRUÇÃO E INCORPORAÇÃO LTDA – CNPJ – 51.578.554/0001-01,Bairro Vista Alegre
252024,"430.000,00",27/12/2024,16/07/2025,15/09/2025,Continuação de Construção,ESCOLA,Finalizada por conclusão de construção,PROENG CONSTRUCOES E CONSULTORIAS LTDA - CNPJ – 35.670.929/0001-02,AVENIDA JOSÉ SILVEIRA
242024,"800.000,00",27/12/2024,15/08/2025,,Nova Construção,POSTO DE SAÚDE,Paralisada,PROENG CONSTRUCOES E CONSULTORIAS LTDA - CNPJ – 35.670.929/0001-02,Rua Parana
232024,"269.000,00",27/12/2024,17/4/2025,09/04/2025,Recuperação,PAVIMENTAÇÃO PARALEPÍPEDO,Finalizada por conclusão de construção,E L F TEIXEIRA CONSTRUCOES E SERVICOS EIRELI -  CNPJ – 17.560.794/0001-40,Bairro Vista Alegre
222024,"336.640,74",27/12/2024,15/06/2025,,Nova Construção,OUTRAS,Em Execução Normal,EMIR NUNES DA SILVA NETTO LTDA - CNPJ – 45.338.312/0001-48,Sítio Cariatá
212024,"634.399,00",27/12/2024,15/07/2025,,Nova Construção,PRAÇA,Em Execução Normal,ANCORA CONSTRUTORA LTDA - CNPJ – 44.459.047/0001-93.,RUA CORONEL FIRMINO RODRIGUES
202024,"520.000,00",23/12/2024,08/05/2025,07/08/2025,Nova Construção,PAVIMENTAÇÃO PARALEPÍPEDO,Finalizada Administrativa ou Judicialmente,Inplant Engenharia e Planejamento Ltda - CNPJ – 46.919.946/0001-57.,AVENIDA Presidente João Pessoa
192024,"79.236,14",21/11/2024,17/02/2025,21/02/2025,Reforma,OUTRAS,Finalizada por conclusão de construção,CONSTRUTORA BARBOSA LTDA - CNPJ – 53.371.087/0001-70.,AVENIDA Presidente João Pessoa
182024,"178.805,62",04/11/2024,24/04/2025,24/04/2025,Nova Construção,PAVIMENTAÇÃO PARALEPÍPEDO,Finalizada por conclusão de construção,Construtora PR Construções LTDA - CNPJ – 36.121.012/0001-11.,"Bairro Açude das Pedras - Rua Riachuelo, Rua Antônio B. da Silva e Rua Claudino B. da Silva."
172024,"99.817,91",18/10/2024,20/12/2024,27/12/2024,Continuação de Construção,OUTRAS,Finalizada por conclusão de construção,CONSTRUTORA BARBOSA LTDA - CNPJ – 53.371.087/0001-70.,Praça Epitácio Pessoa
162024,"1.742.633,06",15/10/2024,13/03/2025,13/03/2025,Nova Construção,PAVIMENTAÇÃO ASFALTO,Finalizada por conclusão de construção,Construtora Forte Brasil Eireli - CNPJ – 23.407.509/0001-59.,Rua Vereador Luiz Martins de Carvalho e Floriano Peixoto
152024,"115.000,00",25/09/2024,07/04/2025,28/02/2025,Nova Construção,PAVIMENTAÇÃO PARALEPÍPEDO,Finalizada por conclusão de construção,B2 CONSTRUÇÕES LTDA - CNPJ – 27.944.573/0001-20.,Pernambuquinho
142024,"28.566,20",25/09/2024,07/04/2025,30/04/2025,Nova Construção,PRAÇA,Finalizada por conclusão de construção,B2 CONSTRUÇÕES LTDA - CNPJ – 27.944.573/0001-20.,Pernambuquinho
132024,"721.229,72",28/08/2024,22/05/2025,23/05/2025,Nova Construção,OUTRAS,Finalizada Administrativa ou Judicialmente,SANTA FÉ CONSTRUÇÕES LTDA - CNPJ – 28.561.917/0001-84.,RODOVIA PB-054
122024,"326.000,00",27/09/2024,29/11/2024,05/05/2025,Nova Construção,OUTRAS,Finalizada Administrativa ou Judicialmente,WJX CONSTRUÇÕES E SERVIÇOS LTDA - CNPJ – 13.408.085/0001-93.,CENTRO
112024,"78.994,68",10/06/2024,22/11/2024,29/11/2024,Reforma,ESCOLA,Finalizada por conclusão de construção,A7 REALIZAÇÕES - CNPJ – 29.556.151/0001-02.,Sítio Manoel de Matos
102024,"41.173,42",11/03/2024,06/05/2024,06/06/2024,Reforma,ESCOLA,Finalizada por conclusão de construção,"EVERALDO NICÁCIO DA SILVA - CNPJ – 34.569.985/0001-92,",RUA R. HEROÍNA CLEIDE
92024,"25.611,14",22/04/2024,12/07/2024,12/08/2024,Recuperação,ESCOLA,Finalizada por conclusão de construção,"CONSTRUTORA EXECUTE LTDA - CNPJ – 48.768.125/0001-92,",Bairro Brejinho
82024,"410.540,21",22/04/2024,29/11/2024,22/04/2024,Nova Construção,OUTRAS,Finalizada por conclusão de construção,"CONSTRUTORA EXECUTE LTDA - CNPJ – 48.768.125/0001-92,","Rua Maria Elza da Silva, SN, Jucury, Itabaiana-PB"
72024,"47.771,59",20/03/2024,08/08/2024,09/09/2024,Nova Construção,PAVIMENTAÇÃO PARALEPÍPEDO,Finalizada por conclusão de construção,PR CONSTRUÇÕES LTDA - CNPJ – 36.121.012/0001-11.,Bairro Lírios do Vale
62024,"194.166,57",20/03/2024,31/01/2025,07/02/2025,Nova Construção,PAVIMENTAÇÃO PARALEPÍPEDO,Finalizada por conclusão de construção,PR CONSTRUÇÕES LTDA - CNPJ – 36.121.012/0001-11.,Bairro Lírios do Vale
42024,"43.455,58",11/03/2024,06/05/2024,10/06/2024,Reforma,PSF,Finalizada por conclusão de construção,EXECUTE LTDA - CNPJ – 48.768.125/0001-92.,RUA MANOEL JACINTO DA SILVA - Bairro Botafogo
32024,"43.455,58",11/03/2024,12/07/2024,20/02/2024,Recuperação,ESCOLA,Finalizada por conclusão de construção,EXECUTE LTDA - CNPJ – 48.768.125/0001-92.,Rua Epitácio Pessoa
22024,"45.225,19",11/03/2024,06/05/2024,10/06/2024,Reforma,PSF,Finalizada por conclusão de construção,EXECUTE LTDA - CNPJ – 48.768.125/0001-92.,RUA VER. LUIS MARTINS DE CARVALHO - Bairro Jucury
12024,"12.120,32",15/01/2024,06/02/2024,20/02/2024,Recuperação,ESCOLA,Finalizada por conclusão de construção,EXECUTE LTDA - CNPJ – 48.768.125/0001-92.,Rua Epitácio Pessoa
102023,"167.431,13",13/07/2023,28/06/2024,28/06/2024,Reforma,OUTRAS,Finalizada Administrativa ou Judicialmente,EXECUTE LTDA - CNPJ – 48.768.125/0001-92.,Praça: Epitácio Pessoa
92023,"434.172,09",26/06/2023,28/06/2024,28/06/2024,Reforma,ESCOLA,Finalizada Administrativa ou Judicialmente,EXECUTE LTDA - CNPJ – 48.768.125/0001-92.,Av. Presidente João Pessoa - Centro
82023,"115.172,58",14/06/2023,29/08/2023,15/09/2023,Recuperação,CRECHE,Finalizada por conclusão de construção,EXECUTE LTDA - CNPJ – 48.768.125/0001-92.,AV. Paulo Afonso
72023,"90.161,82",07/06/2023,01/09/2023,02/10/2023,Recuperação,PAVIMENTAÇÃO PARALEPÍPEDO,Finalizada por conclusão de construção,CATÃO BONGIOVI COMÉRCIO E SERVIÇOS EIRELI - CNPJ – 30.272.239/0001-81.,Rua Paulo Ovídio de Lucena
62023,"227.131,80",19/04/2023,11/06/2025,11/06/2025,Nova Construção,PAVIMENTAÇÃO PARALEPÍPEDO,Finalizada por conclusão de construção,MD2 ENGENHARIA EIRELI - CNPJ – 21.484.295/0001-99.,Conjunto Dr. Aglair
52023,"895.372,01",03/02/2023,21/06/2025,19/09/2025,Nova Construção,CRECHE,Finalizada por conclusão de construção,PLANFORTE CONSTRUÇÃO E PRESTADORA DE SERVIÇOS EIRELI – EPP- CNPJ – 15.610.424/0001-45.,Av: Luiz Tavares Costa
42023,"282.787,05",18/01/2023,12/06/2023,12/07/2023,Recuperação,PAVIMENTAÇÃO PARALEPÍPEDO,Finalizada por conclusão de construção,CATÃO BONGIOVI COMÉRCIO E SERVIÇOS EIREL - CNPJ – 30.272.239/0001-81.,"Açude das Pedras, Centro e Alto Alegre"
32023,"17.160,59",10/01/2023,13/03/2023,13/04/2023,Recuperação,OUTRAS,Finalizada por conclusão de construção,FM CONSTRUÇÕES E ADMINISTRAÇÕES EIRELI - CNPJ – 11.958.594/0001-64.,Av. Presidente João Pessoa - Centro
22023,"38.739,51",10/01/2023,13/03/2023,13/04/2023,Recuperação,OUTRAS,Finalizada por conclusão de construção,FM CONSTRUÇÕES E ADMINISTRAÇÕES EIRELI - CNPJ – 11.958.594/0001-64.,Av: Epitácio Pessoa
12023,"13.703,39",10/01/2023,01/03/2023,03/04/2023,Recuperação,ESCOLA,Finalizada por conclusão de construção,FM CONSTRUÇÕES E ADMINISTRAÇÕES EIRELI - CNPJ – 11.958.594/0001-64.,Bairro Jucury
122022,"174.292,18",19/12/2022,16/06/2023,17/07/2023,Reforma,ESCOLA,Finalizada por conclusão de construção,MD2 ENGENHARIA EIRELI - CNPJ – 21.484.295/0001-99.,Rua: Alto Professor Maciel - Bairro: Centro
112022,"103.009,08",14/12/2022,13/03/2023,13/04/2023,Recuperação,CRECHE,Finalizada por conclusão de construção,FM CONSTRUÇÕES E ADMINISTRAÇÕES EIRELI - CNPJ – 11.958.594/0001-64.,Bairro Brejinho
102022,"210.379,88",12/12/2022,01/06/2023,22/06/2023,Reforma,ESCOLA,Finalizada por conclusão de construção,"MD2 ENGENHARIA EIRELI - CNPJ – 21.484.295/0001-99,.",Rua: Minervino A. de Oliveira - Bairro: Suburbana
92022,"123.528,32",26/10/2022,03/01/2023,24/01/2023,Recuperação,ESCOLA,Finalizada por conclusão de construção,FM CONSTRUÇÕES E ADMINISTRAÇÕES EIRELI - CNPJ – 11.958.594/0001-64.,Zona Rural Sitio Careatá
72022,"93.093,62",13/10/2022,12/12/2022,30/12/2022,Reforma,ESCOLA,Finalizada por conclusão de construção,FM CONSTRUÇÕES E ADMINISTRAÇÕES EIRELI - CNPJ – 11.958.594/0001-64.,Zona Rural
62022,"93.549,61",06/09/2022,23/01/2023,06/02/2023,Recuperação,PAVIMENTAÇÃO PARALEPÍPEDO,Finalizada por conclusão de construção,CATÃO BONGIOVI COMÉRCIO E SERVIÇOS EIRELI – CNPJ – 30.272.239/0001-81,Centro e Açude das Pedras
32022,"160.997,77",29/04/2022,20/03/2023,23/11/2022,Reforma,OUTRAS,Finalizada Administrativa ou Judicialmente,RESILIÊNCIA CONSTRUÇÕES E SERVIÇOS EIRELI - CNPJ – 20.547.072/0001-60.,Praça Manoel Joaquim de Araújo - Zona Urbana
12022,"887.877,82",14/03/2022,06/11/2023,25/1/2024,Nova Construção,ESCOLA,Finalizada por conclusão de construção,PLANFORTE CONSTRUÇÃO E PRESTADORA DE SERVIÇOS EIRELI – EPP – CNPJ – 15.610.424/0001-45.,Rua: Heroína Maria Cleide
22021,"501.866,44",22/10/2021,10/03/2023,10/03/2023,Nova Construção,PAVIMENTAÇÃO PARALEPÍPEDO,Finalizada Administrativa ou Judicialmente,B&F EDIFICARE ENGENHARIA – CNPJ – 29.842.086/0001-81.,RUAS: ADERBAL FERREIRA DA SILVA-ELIAS MARTINS DE ANDRADE-FABIANA SAMARA RÉGIS DE ASSIS-GUIOMAR RODRIGUES DE ANDRADE-LINO GOMES-MARIA TAVARES DA COSTA-TERESA TAVARES DA COSTA ARAÚJO
52020,"929.910,76",03/08/2020,29/11/2024,06/12/2024,Nova Construção,PAVIMENTAÇÃO PARALELEPÍPEDO,Finalizada por conclusão de construção,B2 CONSTRUÇÕES LTDA - CNPJ - 27.944.573/0001-20,"RUA LUIZ PAULINO, AV DEP. ADAUTO PEREIRA DE LIMA, RUA PROJETADA 01, RUA PROJETADA 02, RUA ADILENE MONTEIRO E RUA DO AVICULTOR"